casename;Clade;River;River Basin;Catchment;PC1;PC2;PC3
1;Pink;Bega;Danube;Black Sea;-0,006792051;0,008780191;-0,008548753
2;Pink;Bega;Danube;Black Sea;0,005137932;0,01104326;-0,004846484
3;Pink;Bega;Danube;Black Sea;0,002994506;-0,01039957;-0,008030734
4;Pink;Bega;Danube;Black Sea;0,003825911;0,003203387;0,01224915
5;Pink;Bega;Danube;Black Sea;-0,01608156;0,02123332;-0,005988366
6;Pink;Bega;Danube;Black Sea;0,01382182;-0,0208398;0,009651423
7;Pink;Bega;Danube;Black Sea;0,02136478;-0,01218143;0,001681586
8;Pink;Bega;Danube;Black Sea;0,006881754;0,001658185;-0,01403725
9;Pink;Bega;Danube;Black Sea;-0,01253187;-0,0001170771;0,001710001
10;Pink;Bega;Danube;Black Sea;-0,005489222;0,00390799;0,006929089
11;Pink;Bega;Danube;Black Sea;-0,01097226;0,007452789;0,002787693
12;Pink;Bega;Danube;Black Sea;-0,001257172;-0,005079404;0,01083009
13;Pink;Bega;Danube;Black Sea;0,001691834;-0,01153415;0,008778433
14;Pink;Bega;Danube;Black Sea;-0,01350544;0,001746389;0,01497619
15;Pink;Bega;Danube;Black Sea;0,002490142;-0,00274091;0,006990102
16;Pink;Bega;Danube;Black Sea;0,006325339;-0,00231792;0,000799175
17;Pink;Bega;Danube;Black Sea;-0,01200421;0,01328534;0,005206743
18;Pink;Bega;Danube;Black Sea;-0,006379341;-0,001717627;0,01806335
19;Pink;Bega;Danube;Black Sea;0,007382805;-0,01413017;0,002491283
20;Pink;Bega;Danube;Black Sea;-0,003174618;0,003462691;0,007377706
21;Pink;Bega;Danube;Black Sea;-0,01123476;0,02283483;-0,0008427262
22;Pink;Bega;Danube;Black Sea;0,003502182;0,0003719904;-0,002932226
23;Pink;Bega;Danube;Black Sea;-0,01188076;0,006687461;0,01768356
24;Pink;Bega;Danube;Black Sea;-0,008233155;0,0017576;0,01257015
25;Pink;Bega;Danube;Black Sea;-0,008144064;0,001497849;0,003961259
26;Pink;Bega;Danube;Black Sea;0,0006022346;0,0004012849;-0,001787773
27;Pink;Bega;Danube;Black Sea;-0,02903768;0,01484138;0,008525776
28;Pink;Bega;Danube;Black Sea;-0,01413068;-0,00007205002;0,00666379
29;Pink;Bega;Danube;Black Sea;0,004919795;-0,01246982;0,01210353
30;Pink;Bega;Danube;Black Sea;0,01427214;-0,0108349;0,01584075
31;Pink;Bega;Danube;Black Sea;-0,002694733;-0,004171889;0,002637552
32;Pink;Bega;Danube;Black Sea;-0,003704832;-0,007406881;0,008985098
33;Pink;Bega;Danube;Black Sea;-0,008374203;-0,001096968;0,002466714
34;Pink;Bega;Danube;Black Sea;-0,02428432;0,04005867;0,007426715
35;Pink;Bega;Danube;Black Sea;-0,01302134;0,01516089;-0,002519799
36;Pink;Bega;Danube;Black Sea;0,01714895;-0,01886821;0,009137916
37;Pink;Bega;Danube;Black Sea;-0,01600839;0,006689585;0,001254849
38;Green;Boh;Dnieper;Black Sea;-0,01509432;0,001478267;-0,005839034
39;Green;Boh;Dnieper;Black Sea;-0,03143947;0,02770732;0,0007849031
40;Green;Boh;Dnieper;Black Sea;-0,007500086;0,008662571;-0,01014052
41;Green;Boh;Dnieper;Black Sea;-0,02323505;0,004335035;-0,004222595
42;Green;Boh;Dnieper;Black Sea;-0,01349211;0,01105667;-0,01060017
43;Green;Boh;Dnieper;Black Sea;-0,02995328;0,02817578;-0,01584065
44;Green;Boh;Dnieper;Black Sea;-0,007484023;0,01255682;-0,008044844
45;Green;Boh;Dnieper;Black Sea;0,01031215;-0,0189137;-0,0132883
46;Green;Boh;Dnieper;Black Sea;-0,02400836;0,01362345;-0,01064776
47;Green;Boh;Dnieper;Black Sea;0,01072823;-0,0125374;-0,01435606
48;Green;Boh;Dnieper;Black Sea;-0,0036609;0,002730053;-0,02977508
49;Green;Boh;Dnieper;Black Sea;-0,003721154;-0,005101767;-0,0231819
50;Green;Boh;Dnieper;Black Sea;-0,00821907;-0,001350279;-0,008411529
51;Green;Boh;Dnieper;Black Sea;0,013037;0,006479588;-0,01667026
52;Green;Boh;Dnieper;Black Sea;-0,01925764;0,005372712;-0,001527508
53;Green;Boh;Dnieper;Black Sea;-0,02750538;0,0195603;-0,007179954
54;Green;Boh;Dnieper;Black Sea;-0,01121222;0,0116393;-0,002245081
55;Green;Boh;Dnieper;Black Sea;0,00665914;-0,01794408;-0,003306708
56;Green;Boh;Dnieper;Black Sea;-0,01928099;0,01504156;-0,007157846
57;Green;Boh;Dnieper;Black Sea;0,003192331;-0,003698814;-0,005819792
58;Green;Boh;Dnieper;Black Sea;-0,03983322;0,03347387;-0,01771186
59;Green;Boh;Dnieper;Black Sea;-0,03576113;0,02192755;-0,003821806
60;Green;Boh;Dnieper;Black Sea;-0,01586454;0,003063266;-0,005749669
61;Green;Boh;Dnieper;Black Sea;0,01615087;-0,02166391;-0,02009794
62;Green;Boh;Dnieper;Black Sea;-0,03574734;0,01408915;-0,003409634
63;Green;Boh;Dnieper;Black Sea;0,01427113;0,0055515;-0,01867305
64;Green;Boh;Dnieper;Black Sea;-0,02863711;0,01185469;-0,01207004
65;Green;Boh;Dnieper;Black Sea;-0,03767692;0,0207724;-0,01636007
66;Green;Boh;Dnieper;Black Sea;-0,003929881;0,004484007;-0,01983572
67;Green;Brzeznicka;Oder;Baltic Sea;0,01862496;0,005674744;-0,003039792
68;Green;Brzeznicka;Oder;Baltic Sea;0,01250204;-0,01773701;0,009349783
69;Green;Brzeznicka;Oder;Baltic Sea;0,01869923;-0,01291642;-0,006730232
70;Green;Brzeznicka;Oder;Baltic Sea;0,05086091;-0,01798024;-0,01081149
71;Green;Brzeznicka;Oder;Baltic Sea;0,02243246;-0,01537431;0,009575284
72;Green;Brzeznicka;Oder;Baltic Sea;-0,03016332;0,01823969;-0,02335597
73;Green;Brzeznicka;Oder;Baltic Sea;-0,01722669;0,02785762;-0,002243684
74;Green;Brzeznicka;Oder;Baltic Sea;0,04713407;-0,03274079;-0,01052907
75;Green;Brzeznicka;Oder;Baltic Sea;0,01209623;-0,03633193;0,01122189
76;Green;Brzeznicka;Oder;Baltic Sea;0,0169696;-0,01210356;-0,01161937
77;Green;Brzeznicka;Oder;Baltic Sea;0,009008682;-0,02357772;0,0007332253
78;Green;Brzeznicka;Oder;Baltic Sea;-0,01008842;0,01312315;-0,004854641
79;Green;Brzeznicka;Oder;Baltic Sea;-0,003254864;-0,01651584;0,0009179874
80;Green;Brzeznicka;Oder;Baltic Sea;0,008088004;-0,01283141;-0,0004544434
81;Green;Brzeznicka;Oder;Baltic Sea;0,02568501;-0,01736719;-0,02188877
82;Green;Brzeznicka;Oder;Baltic Sea;0,0263315;-0,02877852;0,005377632
83;Green;Brzeznicka;Oder;Baltic Sea;0,01865496;-0,01310477;-0,01759076
84;Green;Brzeznicka;Oder;Baltic Sea;0,03128142;-0,04201994;0,002592892
85;Green;Brzeznicka;Oder;Baltic Sea;0,0020944;-0,01630201;0,004636154
86;Green;Brzeznicka;Oder;Baltic Sea;-0,009760209;0,002889814;-0,00922597
87;Green;Brzeznicka;Oder;Baltic Sea;0,0177929;-0,02139857;-0,004087232
88;Green;Brzeznicka;Oder;Baltic Sea;-0,02788347;0,01522902;-0,02067446
89;Green;Brzeznicka;Oder;Baltic Sea;-0,02801288;0,01865379;-0,02015937
90;Green;Brzeznicka;Oder;Baltic Sea;0,01511309;-0,02488797;-0,004537403
91;Green;Brzeznicka;Oder;Baltic Sea;0,0101485;-0,0003366682;-0,004273608
92;Green;Brzeznicka;Oder;Baltic Sea;0,005876909;0,001580072;-0,003949715
93;Green;Brzeznicka;Oder;Baltic Sea;0,002455366;-0,02068144;0,007195182
94;Yellow;Czorna Krym;Coastal (czorna);Black Sea;0,003123362;0,005311613;0,002830385
95;Yellow;Czorna Krym;Coastal (czorna);Black Sea;0,02307425;-0,01395353;0,01286657
96;Yellow;Czorna Krym;Coastal (czorna);Black Sea;0,003520691;0,006752797;0,008232859
97;Yellow;Czorna Krym;Coastal (czorna);Black Sea;0,009531257;0,001298498;0,006211465
98;Yellow;Czorna Krym;Coastal (czorna);Black Sea;0,0006866184;-0,01035611;0,003528277
99;Yellow;Czorna Krym;Coastal (czorna);Black Sea;-0,007494211;0,006371538;0,0004660808
100;Yellow;Czorna Krym;Coastal (czorna);Black Sea;0,01114867;-0,004062185;0,007834709
101;Yellow;Czorna Krym;Coastal (czorna);Black Sea;0,03461167;-0,02442376;0,006798889
102;Yellow;Czorna Krym;Coastal (czorna);Black Sea;-0,00111725;-0,00004052325;0,01397552
103;Yellow;Czorna Krym;Coastal (czorna);Black Sea;0,02760727;-0,002791275;0,01536452
104;Yellow;Czorna Krym;Coastal (czorna);Black Sea;-0,01991297;0,02097875;0,005103115
105;Yellow;Czorna Krym;Coastal (czorna);Black Sea;-0,0133071;0,00444212;0,001790207
106;Yellow;Czorna Krym;Coastal (czorna);Black Sea;0,006954124;-0,01012146;0,01204577
107;Yellow;Czorna Krym;Coastal (czorna);Black Sea;0,04363228;-0,04092383;0,01293088
108;Yellow;Czorna Krym;Coastal (czorna);Black Sea;0,007786354;-0,01294803;0,01080577
109;Yellow;Czorna Krym;Coastal (czorna);Black Sea;0,02562729;-0,009600446;0,0001758383
110;Yellow;Czorna Krym;Coastal (czorna);Black Sea;-0,01305618;0,02044859;0,01134606
111;Yellow;Czorna Krym;Coastal (czorna);Black Sea;0,01860374;0,002235389;0,002596059
112;Yellow;Czorna Krym;Coastal (czorna);Black Sea;-0,002697476;0,004223402;0,01691697
113;Yellow;Czorna Krym;Coastal (czorna);Black Sea;0,0002269447;-0,003635988;0,00751766
114;Yellow;Czorna Krym;Coastal (czorna);Black Sea;-0,02094946;0,01580212;0,01283809
115;Yellow;Czorna Krym;Coastal (czorna);Black Sea;-0,01305857;-0,002634975;0,01188811
116;Yellow;Czorna Krym;Coastal (czorna);Black Sea;0,0186612;-0,01831675;0,005957192
117;Yellow;Czorna Krym;Coastal (czorna);Black Sea;-0,009844314;0,02421913;0,02103262
118;Yellow;Czorna Krym;Coastal (czorna);Black Sea;0,02147212;-0,005727847;-0,0009761663
119;Yellow;Czorna Krym;Coastal (czorna);Black Sea;-0,01191656;0,0254832;0,00495129
120;Yellow;Czorna Krym;Coastal (czorna);Black Sea;0,01566226;-0,003522612;0,009740728
121;Yellow;Czorna Krym;Coastal (czorna);Black Sea;-0,006574264;0,01322775;0,01879495
122;Yellow;Czorna Krym;Coastal (czorna);Black Sea;0,01567008;-0,005978661;0,004044487
123;Yellow;Czerkawa;Dniester;Black Sea;-0,006077399;-0,004738499;0,006903397
124;Yellow;Czerkawa;Dniester;Black Sea;-0,01739324;0,02072431;-0,0004029138
125;Yellow;Czerkawa;Dniester;Black Sea;-0,04376916;0,03479621;-0,008991063
126;Yellow;Czerkawa;Dniester;Black Sea;-0,002753552;0,01621117;-0,0004943801
127;Yellow;Czerkawa;Dniester;Black Sea;-0,0437233;0,02974743;0,00429845
128;Yellow;Czerkawa;Dniester;Black Sea;-0,01623466;0,01169407;-0,006239589
129;Yellow;Czerkawa;Dniester;Black Sea;-0,004694723;0,006119437;-0,0004766855
130;Yellow;Czerkawa;Dniester;Black Sea;-0,01400337;0,02121909;-0,006479433
131;Yellow;Czerkawa;Dniester;Black Sea;-0,04086996;0,02530294;0,001682213
132;Yellow;Czerkawa;Dniester;Black Sea;-0,02509022;0,02169599;-0,0001916222
133;Yellow;Czerkawa;Dniester;Black Sea;0,006806252;-0,001035399;-0,005429125
134;Yellow;Czerkawa;Dniester;Black Sea;-0,0107698;0,004817601;0,003209048
135;Yellow;Czerkawa;Dniester;Black Sea;-0,01853574;0,02789201;-0,001068168
136;Yellow;Czerkawa;Dniester;Black Sea;-0,0261764;0,0325819;-0,007603402
137;Yellow;Czerkawa;Dniester;Black Sea;-0,006752939;-0,00638909;0,01712723
138;Yellow;Czerkawa;Dniester;Black Sea;-0,009392903;0,009310805;0,001762124
139;Yellow;Czerkawa;Dniester;Black Sea;-0,0356086;0,02609202;-0,004693958
140;Yellow;Czerkawa;Dniester;Black Sea;0,01072493;0,02311354;-0,01359084
141;Yellow;Czerkawa;Dniester;Black Sea;-0,03178393;0,02024233;0,003800085
142;Yellow;Czerkawa;Dniester;Black Sea;-0,03634228;0,02719441;0,002367548
143;Yellow;Czerkawa;Dniester;Black Sea;0,006639004;0,008527574;-0,02116005
144;Yellow;Czerkawa;Dniester;Black Sea;-0,01814311;0,03072123;-0,0131358
145;Yellow;Czerkawa;Dniester;Black Sea;-0,0001930208;-0,002903233;-0,002421413
146;Yellow;Czerkawa;Dniester;Black Sea;-0,01926188;0,02365764;-0,008382124
147;Yellow;Czerkawa;Dniester;Black Sea;-0,04518381;0,02807542;-0,008044693
148;Yellow;Czerkawa;Dniester;Black Sea;-0,02848734;0,02704216;-0,008670172
149;Yellow;Czerkawa;Dniester;Black Sea;-0,02366503;0,0228905;-0,004188026
150;Yellow;Czerkawa;Dniester;Black Sea;-0,03442198;0,0343033;0,008409832
151;Green;Drawa;Oder;Baltic Sea;-0,01865727;0,006759632;0,00510622
152;Green;Drawa;Oder;Baltic Sea;-0,003043839;0,001193917;0,002115666
153;Green;Drawa;Oder;Baltic Sea;0,02899321;-0,02523763;-0,003987143
154;Green;Drawa;Oder;Baltic Sea;0,01981806;-0,006377679;-0,004090169
155;Green;Drawa;Oder;Baltic Sea;-0,00406384;0,00931731;-0,01238387
156;Green;Drawa;Oder;Baltic Sea;-0,004294256;0,0129875;-0,007640964
157;Green;Drawa;Oder;Baltic Sea;-0,001491377;-0,00172401;-0,01585476
158;Green;Drawa;Oder;Baltic Sea;0,02551057;-0,01574563;-0,01183687
159;Green;Drawa;Oder;Baltic Sea;0,0009708151;0,01417767;-0,006319638
160;Green;Drawa;Oder;Baltic Sea;0,00786351;0,006717051;-0,007038942
161;Green;Drawa;Oder;Baltic Sea;0,007255339;-0,001901678;0,000790727
162;Green;Drawa;Oder;Baltic Sea;0,01617712;-0,01023829;-0,01721413
163;Green;Drawa;Oder;Baltic Sea;0,004822801;-0,0117164;-0,003582655
164;Green;Drawa;Oder;Baltic Sea;0,0191505;-0,01810929;-0,01066101
165;Green;Drawa;Oder;Baltic Sea;0,01958884;-0,02030981;-0,01140568
166;Green;Drawa;Oder;Baltic Sea;0,02238409;-0,006852404;-0,004984882
167;Green;Drawa;Oder;Baltic Sea;0,0237719;-0,002628068;-0,004551742
168;Green;Drawa;Oder;Baltic Sea;0,005766853;-0,004691593;-0,004087984
169;Green;Drawa;Oder;Baltic Sea;0,01111004;-0,006333647;-0,01732975
170;Green;Drawa;Oder;Baltic Sea;0,0006556773;-0,00555802;0,004141251
171;Green;Drawa;Oder;Baltic Sea;-0,00920088;0,02254729;-0,02170329
172;Green;Drawa;Oder;Baltic Sea;0,01755156;-0,006728166;-0,01749312
173;Green;Drawa;Oder;Baltic Sea;-0,01180186;-0,008156039;0,004870447
174;Green;Drawa;Oder;Baltic Sea;-0,01155039;0,009882837;0,002423026
175;Green;Drawa;Oder;Baltic Sea;0,00266215;-0,0000825273;-0,01828695
176;Green;Drawa;Oder;Baltic Sea;0,00295422;-0,004916218;0,007308191
177;Green;Drawa;Oder;Baltic Sea;0,004987304;-0,003506386;0,0004542953
178;Green;Drawa;Oder;Baltic Sea;-0,001254558;-0,007588361;-0,01124871
179;Green;Drawa;Oder;Baltic Sea;-0,0220271;0,0140477;-0,00322465
180;Green;Drawa;Oder;Baltic Sea;0,00261176;-0,007825645;-0,002148576
181;Green;Drawa;Oder;Baltic Sea;0,01893552;-0,006529222;-0,004618388
182;Green;Drawa;Oder;Baltic Sea;-0,001191921;-0,005838599;-0,003527695
183;Green;Drawa;Oder;Baltic Sea;0,0178732;-0,02206445;-0,0177691
184;Green;Drawa;Oder;Baltic Sea;-0,02533599;0,01739047;0,001699831
185;Green;Drawa;Oder;Baltic Sea;-0,006881827;0,005222384;-0,008602174
186;Green;Drawa;Oder;Baltic Sea;-0,01160426;0,01171259;-0,002650868
187;Pink;Grónik;Danube;Black Sea;0,02072483;-0,01354365;0,0134961
188;Pink;Grónik;Danube;Black Sea;-0,0001403789;-0,001140994;0,0165253
189;Pink;Grónik;Danube;Black Sea;-0,008440575;0,01433908;0,001094146
190;Pink;Grónik;Danube;Black Sea;0,01200496;-0,005483904;0,003763471
191;Pink;Grónik;Danube;Black Sea;0,01467157;-0,02014822;0,007419756
192;Pink;Grónik;Danube;Black Sea;0,01391384;0,006801153;0,001072653
193;Pink;Grónik;Danube;Black Sea;-0,0007779541;0,008267053;0,009811291
194;Pink;Grónik;Danube;Black Sea;0,008672977;-0,01330812;0,01003909
195;Pink;Grónik;Danube;Black Sea;-0,01137185;0,01671889;0,00782405
196;Pink;Grónik;Danube;Black Sea;0,004929948;0,001623842;0,003572731
197;Pink;Grónik;Danube;Black Sea;0,0118799;-0,001298277;-0,00233442
198;Pink;Grónik;Danube;Black Sea;-0,00771505;0,01323284;0,0131054
199;Pink;Grónik;Danube;Black Sea;-0,01524676;0,01625191;0,002885374
200;Pink;Grónik;Danube;Black Sea;0,02403969;-0,01113109;-0,003183433
201;Pink;Grónik;Danube;Black Sea;-0,02002285;0,01662934;0,005225137
202;Pink;Grónik;Danube;Black Sea;-0,01078481;0,0186391;0,01123482
203;Pink;Grónik;Danube;Black Sea;-0,02067369;0,02179833;0,007088243
204;Pink;Grónik;Danube;Black Sea;0,003250958;0,00942058;0,005085328
205;Pink;Grónik;Danube;Black Sea;0,01055501;0,003211926;-0,0002475714
206;Pink;Grónik;Danube;Black Sea;-0,0149597;0,01304192;0,01401373
207;Pink;Grónik;Danube;Black Sea;0,01523074;-0,00441849;0,005032312
208;Pink;Grónik;Danube;Black Sea;0,01863022;-0,01199974;0,007293499
209;Pink;Grónik;Danube;Black Sea;0,007423157;0,003647235;0,001791738
210;Pink;Grónik;Danube;Black Sea;-0,002059528;0,008653431;0,0009959541
211;Pink;Grónik;Danube;Black Sea;0,01067562;0,004168326;0,004695281
212;Pink;Grónik;Danube;Black Sea;-0,01383804;0,004384559;0,002372303
213;Pink;Grónik;Danube;Black Sea;-0,01890179;0,02613955;0,004048758
214;Pink;Grónik;Danube;Black Sea;0,0005076395;0,01197833;-0,00413328
215;Pink;Grónik;Danube;Black Sea;-0,03531291;0,01970493;0,007432581
216;Pink;Grónik;Danube;Black Sea;0,01108015;-0,001105593;0,01597968
217;Pink;Grónik;Danube;Black Sea;0,005223966;0,005666962;0,002144868
218;Pink;Grónik;Danube;Black Sea;-0,01662084;0,02754057;0,004208568
219;Pink;Grónik;Danube;Black Sea;-0,01312899;0,00453391;0,01996316
220;Pink;Jasiozka;Vistula;Baltic Sea;-0,02182732;-0,007717323;0,01971741
221;Pink;Jasiozka;Vistula;Baltic Sea;-0,03239413;0,009026048;0,0126497
222;Pink;Jasiozka;Vistula;Baltic Sea;-0,02097821;-0,001666993;0,007732918
223;Pink;Jasiozka;Vistula;Baltic Sea;-0,01538957;-0,007433599;0,01893794
224;Pink;Jasiozka;Vistula;Baltic Sea;-0,01692368;0,004916624;0,01367554
225;Pink;Jasiozka;Vistula;Baltic Sea;-0,05130269;0,01327607;0,01196957
226;Pink;Jasiozka;Vistula;Baltic Sea;-0,02142244;-0,01033525;0,02103327
227;Pink;Jasiozka;Vistula;Baltic Sea;-0,01151857;0,00854399;0,01211505
228;Pink;Jasiozka;Vistula;Baltic Sea;-0,02506262;-0,003978869;0,007922853
229;Pink;Jasiozka;Vistula;Baltic Sea;-0,005979435;-0,006643089;0,0145367
230;Pink;Jasiozka;Vistula;Baltic Sea;-0,01920595;-0,001469318;0,00165714
231;Pink;Jasiozka;Vistula;Baltic Sea;-0,01562126;-0,003507571;0,007502129
232;Pink;Jasiozka;Vistula;Baltic Sea;-0,004878745;-0,0140125;0,01481558
233;Pink;Jasiozka;Vistula;Baltic Sea;-0,03480489;0,007955662;0,01425069
234;Pink;Jasiozka;Vistula;Baltic Sea;-0,001214524;-0,01280886;0,01615907
235;Pink;Jasiozka;Vistula;Baltic Sea;-0,003640268;0,005957488;0,00003643452
236;Pink;Jasiozka;Vistula;Baltic Sea;-0,03333212;0,004992507;0,01282421
237;Pink;Jasiozka;Vistula;Baltic Sea;0,006110975;-0,01347237;0,001378214
238;Pink;Jasiozka;Vistula;Baltic Sea;-0,02940192;0,0105361;0,008691516
239;Pink;Jasiozka;Vistula;Baltic Sea;-0,02986444;0,01072791;0,01208514
240;Pink;Jasiozka;Vistula;Baltic Sea;-0,008084816;-0,0158744;0,02158662
241;Pink;Jasiozka;Vistula;Baltic Sea;-0,009641362;0,004139859;0,004468072
242;Pink;Jasiozka;Vistula;Baltic Sea;-0,03238565;0,004353004;0,01269585
243;Pink;Jasiozka;Vistula;Baltic Sea;-0,02206248;0,009464894;0,01040533
244;Pink;Jasiozka;Vistula;Baltic Sea;0,00423338;-0,007331791;0,01538189
245;Pink;Jasiozka;Vistula;Baltic Sea;-0,01879178;0,00880241;-0,005549792
246;Pink;Jasiozka;Vistula;Baltic Sea;-0,03125971;0,002594357;0,01729112
247;Pink;Jasiozka;Vistula;Baltic Sea;-0,01456529;0,004652754;0,004319581
248;Pink;Jasiozka;Vistula;Baltic Sea;-0,005551362;0,0009861677;0,006599119
249;Pink;Jasiozka;Vistula;Baltic Sea;-0,01017427;-0,009659271;0,01997079
250;Pink;Jasiozka;Vistula;Baltic Sea;-0,01438904;-0,003187354;0,01555045
251;Pink;Jasiozka;Vistula;Baltic Sea;-0,01749123;0,01308751;0,00443543
252;Pink;Jasiozka;Vistula;Baltic Sea;-0,01760709;0,001328979;0,01629669
253;Pink;Jasiozka;Vistula;Baltic Sea;-0,03168084;0,001947326;0,01009483
254;Pink;Jasiozka;Vistula;Baltic Sea;-0,01021074;0,01802708;0,0148768
255;Pink;Jasiozka;Vistula;Baltic Sea;-0,02400226;0,0002613474;0,01540767
256;Pink;Jasiozka;Vistula;Baltic Sea;-0,02219345;-0,001934252;0,008048065
257;Pink;Jasiozka;Vistula;Baltic Sea;-0,006706772;0,02959098;-0,01538184
258;Pink;Jasiozka;Vistula;Baltic Sea;-0,01044631;-0,01218936;0,01401042
259;Pink;Jasiozka;Vistula;Baltic Sea;0,00111275;-0,001958252;0,004275759
260;Pink;Jasiozka;Vistula;Baltic Sea;-0,02272363;0,007958216;0,004780961
261;Pink;Jasiozka;Vistula;Baltic Sea;-0,00777422;0,001773208;0,01111332
262;Pink;Jasiozka;Vistula;Baltic Sea;-0,01393919;-0,01790491;0,01256165
263;Pink;Jasiozka;Vistula;Baltic Sea;-0,006829453;-0,005842099;0,01518501
264;Pink;Jasiozka;Vistula;Baltic Sea;-0,0194195;-0,01407028;0,02623077
265;Pink;Jasiozka;Vistula;Baltic Sea;-0,005776614;-0,0104272;0,006945025
266;Pink;Jasiozka;Vistula;Baltic Sea;-0,006151544;-0,006987138;0,01322829
267;Pink;Jasiozka;Vistula;Baltic Sea;-0,03727931;0,01462694;0,01586947
268;Pink;Jelešnia;Danube;Black Sea;0,005032515;0,003969652;-0,005259612
269;Pink;Jelešnia;Danube;Black Sea;0,0252466;-0,001765289;-0,005618694
270;Pink;Jelešnia;Danube;Black Sea;0,01772584;-0,004547376;0,001557891
271;Pink;Jelešnia;Danube;Black Sea;0,02886962;0,01559699;-0,01539302
272;Pink;Jelešnia;Danube;Black Sea;0,01170414;0,02656607;-0,004603618
273;Pink;Jelešnia;Danube;Black Sea;0,02287528;-0,00587407;-0,01086622
274;Pink;Jelešnia;Danube;Black Sea;0,03952007;-0,01407581;-0,01590195
275;Pink;NISHAVA;Danube;Black Sea;0,02214333;-0,007941706;-0,007575726
276;Pink;NISHAVA;Danube;Black Sea;0,0263899;-0,009239839;-0,02596019
277;Pink;NISHAVA;Danube;Black Sea;0,03623941;-0,007281638;-0,01551728
278;Pink;NISHAVA;Danube;Black Sea;0,007666101;0,01596052;-0,01569094
279;Pink;NISHAVA;Danube;Black Sea;0,02082414;-0,01263208;-0,01760286
280;Pink;NISHAVA;Danube;Black Sea;0,003111828;0,002111059;-0,002084912
281;Pink;NISHAVA;Danube;Black Sea;0,01706274;0,001806985;-0,01038437
282;Pink;NISHAVA;Danube;Black Sea;0,03254593;-0,009241183;-0,02557613
283;Pink;NISHAVA;Danube;Black Sea;0,01206476;0,002227863;-0,002449358
284;Pink;NISHAVA;Danube;Black Sea;0,003446128;0,02366308;-0,0140199
285;Pink;NISHAVA;Danube;Black Sea;-0,01747207;0,02525763;-0,01020751
286;Pink;NISHAVA;Danube;Black Sea;0,01002043;-0,006389149;-0,006109445
287;Pink;NISHAVA;Danube;Black Sea;-0,0004475844;-0,004612742;0,003151242
288;Pink;NISHAVA;Danube;Black Sea;0,007981385;-0,001860475;-0,01499139
289;Pink;NISHAVA;Danube;Black Sea;0,02310434;-0,02147506;-0,007808436
290;Pink;NISHAVA;Danube;Black Sea;-0,008529072;0,02094463;-0,008307447
291;Pink;NISHAVA;Danube;Black Sea;0,0138779;-0,008621638;-0,00336376
292;Pink;NISHAVA;Danube;Black Sea;0,02885677;-0,002253705;-0,0008156757
293;Pink;NISHAVA;Danube;Black Sea;0,01796684;-0,01340344;-0,00856995
294;Pink;NISHAVA;Danube;Black Sea;0,006796201;0,01530724;-0,02470047
295;Pink;NISHAVA;Danube;Black Sea;0,01539574;-0,003733406;-0,01455283
296;Pink;NISHAVA;Danube;Black Sea;-0,007851365;0,009363958;-0,01894602
297;Pink;NISHAVA;Danube;Black Sea;0,02435452;-0,01757684;-0,01050216
298;Pink;NISHAVA;Danube;Black Sea;0,02240679;-0,001688518;-0,03565963
299;Pink;NISHAVA;Danube;Black Sea;-0,005003958;0,02460359;0,002327752
300;Pink;NISHAVA;Danube;Black Sea;0,0167328;-0,01827136;0,004108897
301;Pink;NISHAVA;Danube;Black Sea;0,02003945;-0,009588706;-0,01350932
302;Pink;NISHAVA;Danube;Black Sea;-0,002290209;0,0009473578;-0,003878424
303;Pink;NISHAVA;Danube;Black Sea;0,009035685;0,01904168;-0,0178751
304;Pink;NISHAVA;Danube;Black Sea;0,02168049;-0,008317232;-0,007834473
305;Pink;OGOSTA;Danube;Black Sea;-0,009930445;0,0104089;-0,0008427912
306;Pink;OGOSTA;Danube;Black Sea;0,00003944477;-0,0184437;0,009820123
307;Pink;OGOSTA;Danube;Black Sea;0,01035573;-0,03383523;0,02364622
308;Pink;OGOSTA;Danube;Black Sea;-0,01340079;-0,006199488;0,01945186
309;Pink;OGOSTA;Danube;Black Sea;-0,01777105;-0,001246987;0,02576093
310;Pink;OGOSTA;Danube;Black Sea;-0,00553839;-0,01914869;0,02207634
311;Pink;OGOSTA;Danube;Black Sea;0,005272013;-0,02702037;0,007612303
312;Pink;OGOSTA;Danube;Black Sea;0,007533736;-0,01190305;0,009170313
313;Pink;OGOSTA;Danube;Black Sea;-0,005594488;-0,01037469;0,02271398
314;Pink;OGOSTA;Danube;Black Sea;-0,02421506;-0,01442471;0,01454352
315;Pink;OGOSTA;Danube;Black Sea;-0,004902359;-0,01360243;0,02492109
316;Pink;OGOSTA;Danube;Black Sea;-0,003118595;-0,02166703;0,01352247
317;Pink;OGOSTA;Danube;Black Sea;0,009873342;-0,03919896;0,0161902
318;Pink;OGOSTA;Danube;Black Sea;-0,02746128;-0,00394812;0,02122338
319;Pink;OGOSTA;Danube;Black Sea;0,0009165466;-0,01114146;0,01281604
320;Pink;OGOSTA;Danube;Black Sea;-0,007294262;-0,0150721;0,006539388
321;Pink;OGOSTA;Danube;Black Sea;-0,01626315;-0,00955116;0,0170909
322;Pink;OGOSTA;Danube;Black Sea;0,003093218;-0,01384866;0,01840307
323;Pink;OGOSTA;Danube;Black Sea;0,01397182;-0,02509769;0,008567011
324;Pink;OGOSTA;Danube;Black Sea;-0,0009739383;-0,01279501;0,01504871
325;Pink;OGOSTA;Danube;Black Sea;-0,009529384;0,004908179;0,008663665
326;Pink;OGOSTA;Danube;Black Sea;0,006674732;-0,02619428;0,01757839
327;Pink;Ostawica;Vistula;Baltic Sea;-0,03847414;0,03051768;0,01151765
328;Pink;Ostawica;Vistula;Baltic Sea;-0,04615038;0,04154341;0,004586884
329;Pink;PALAKARIYA;Danube;Black Sea;-0,01126707;0,0135718;-0,00818119
330;Pink;PALAKARIYA;Danube;Black Sea;-0,002931944;-0,01411162;0,0004982318
331;Pink;PALAKARIYA;Danube;Black Sea;-0,02526966;0,02773591;0,009959254
332;Pink;PALAKARIYA;Danube;Black Sea;-0,02974412;0,03582384;-0,00572295
333;Pink;PALAKARIYA;Danube;Black Sea;-0,01609777;-0,001484487;0,006212595
334;Pink;PALAKARIYA;Danube;Black Sea;-0,02744512;0,01592508;0,004130038
335;Pink;PALAKARIYA;Danube;Black Sea;-0,0002252059;0,01019516;-0,002290807
336;Pink;PALAKARIYA;Danube;Black Sea;-0,02545375;0,0322915;-0,005305989
337;Pink;PALAKARIYA;Danube;Black Sea;0,002613527;0,01170467;0,0003138594
338;Pink;PALAKARIYA;Danube;Black Sea;-0,01091732;0,01952157;-0,007161901
339;Pink;PALAKARIYA;Danube;Black Sea;-0,001726014;-0,01549093;0,002379987
340;Pink;PALAKARIYA;Danube;Black Sea;0,009143528;-0,001794159;0,003817953
341;Pink;PALAKARIYA;Danube;Black Sea;0,01947774;-0,01020582;0,005792282
342;Pink;PALAKARIYA;Danube;Black Sea;-0,01185939;-0,01221901;0,002818755
343;Pink;PALAKARIYA;Danube;Black Sea;-0,03330601;0,05277696;-0,006105917
344;Pink;PALAKARIYA;Danube;Black Sea;-0,0281475;0,009704568;0,01009764
345;Pink;PALAKARIYA;Danube;Black Sea;-0,04200067;0,04485348;-0,003953653
346;Pink;PALAKARIYA;Danube;Black Sea;-0,01575545;0,02283001;-0,006229079
347;Pink;PALAKARIYA;Danube;Black Sea;0,001958721;0,01174297;-0,006305225
348;Pink;Prut;Danube;Black Sea;-0,007172466;0,01257953;-0,007643267
349;Pink;Prut;Danube;Black Sea;-0,007334925;-0,009815312;0,003947545
350;Pink;Prut;Danube;Black Sea;-0,009640157;0,02297695;0,0009443744
351;Pink;Prut;Danube;Black Sea;-0,002106414;0,0198298;-0,00984799
352;Pink;Prut;Danube;Black Sea;-0,02748175;0,01152944;0,01074308
353;Pink;Prut;Danube;Black Sea;-0,02098935;0,0173717;-0,009103551
354;Pink;Prut;Danube;Black Sea;-0,0006584279;-0,00172872;0,01077715
355;Pink;Prut;Danube;Black Sea;-0,009955758;0,001652568;-0,001626852
356;Pink;Prut;Danube;Black Sea;-0,05508868;0,04881954;0,004643636
357;Pink;Prut;Danube;Black Sea;0,01241919;-0,00915055;0,01508086
358;Pink;Prut;Danube;Black Sea;-0,03278489;0,03585694;0,004645085
359;Pink;Prut;Danube;Black Sea;-0,02890735;0,02863417;-0,008023895
360;Pink;Prut;Danube;Black Sea;-0,04577492;0,04133167;0,007286144
361;Pink;Prut;Danube;Black Sea;-0,009511918;0,005096541;0,004169306
362;Pink;Prut;Danube;Black Sea;-0,02323836;0,002237014;0,02016726
363;Pink;Prut;Danube;Black Sea;-0,02707064;0,03722358;-0,003722373
364;Pink;Radunia;Vistula;Baltic Sea;0,03162295;-0,01673668;-0,006287474
365;Pink;Radunia;Vistula;Baltic Sea;0,03966309;-0,01998738;-0,005849082
366;Pink;Radunia;Vistula;Baltic Sea;0,06205534;-0,04454392;0,001159852
367;Pink;Radunia;Vistula;Baltic Sea;0,02898898;-0,004280217;-0,01353983
368;Pink;Radunia;Vistula;Baltic Sea;-0,02138593;0,0109923;0,005044255
369;Pink;Radunia;Vistula;Baltic Sea;0,02744734;-0,01821878;0,002155455
370;Pink;Radunia;Vistula;Baltic Sea;0,04803131;-0,02494043;-0,005923775
371;Pink;Radunia;Vistula;Baltic Sea;0,05456726;-0,03468517;-0,01160379
372;Pink;Radunia;Vistula;Baltic Sea;0,03481349;-0,01376877;-0,01849019
373;Pink;Radunia;Vistula;Baltic Sea;0,0457296;-0,01136886;-0,01415979
374;Pink;Radunia;Vistula;Baltic Sea;0,02523775;-0,0245301;0,0003598437
375;Pink;Radunia;Vistula;Baltic Sea;0,01978713;-0,01162029;-0,02197807
376;Pink;Radunia;Vistula;Baltic Sea;0,0367863;-0,01713019;-0,01808109
377;Pink;Radunia;Vistula;Baltic Sea;0,03281173;-0,02327078;-0,01258559
378;Pink;Radunia;Vistula;Baltic Sea;0,02920615;-0,01406112;-0,01319152
379;Pink;Radunia;Vistula;Baltic Sea;0,0382705;-0,01705261;-0,002546577
380;Pink;Radunia;Vistula;Baltic Sea;0,01600638;-0,02331291;0,002879943
381;Pink;Radunia;Vistula;Baltic Sea;0,06123342;-0,01273487;-0,02051458
382;Pink;Radunia;Vistula;Baltic Sea;0,0001835451;0,001584267;0,001095797
383;Pink;Radunia;Vistula;Baltic Sea;0,01472422;-0,004461722;0,002371189
384;Pink;Radunia;Vistula;Baltic Sea;0,03981949;-0,03813235;-0,007663389
385;Pink;Radunia;Vistula;Baltic Sea;0,02990095;-0,01259721;-0,004974729
386;Pink;Radunia;Vistula;Baltic Sea;0,03116262;-0,03642743;0,009563227
387;Pink;Radunia;Vistula;Baltic Sea;0,02486428;-0,03003887;0,00779265
388;Pink;Radunia;Vistula;Baltic Sea;0,04148697;-0,03773945;0,01237339
389;Pink;Radunia;Vistula;Baltic Sea;0,01461194;-0,01043164;0,001423695
390;Pink;Radunia;Vistula;Baltic Sea;0,01319299;-0,02106887;0,006649602
391;Pink;Radunia;Vistula;Baltic Sea;0,005191038;-0,007862576;-0,007752796
392;Pink;Radunia;Vistula;Baltic Sea;0,01719108;0,003198686;-0,01246114
393;Pink;Siret;Danube;Black Sea;-0,01309701;-0,02046041;0,01508512
394;Pink;Siret;Danube;Black Sea;0,002451202;-0,01517211;0,0242731
395;Pink;Siret;Danube;Black Sea;-0,009763935;-0,01786144;0,02717472
396;Pink;Siret;Danube;Black Sea;-0,01039291;-0,007528667;0,02102781
397;Pink;Siret;Danube;Black Sea;-0,02340049;0,003546919;0,01444017
398;Pink;Siret;Danube;Black Sea;-0,01223682;-0,01091522;0,01620707
399;Pink;Siret;Danube;Black Sea;-0,02738551;-0,003264369;0,02291739
400;Pink;Siret;Danube;Black Sea;-0,00308306;-0,009110691;0,02662752
401;Pink;Siret;Danube;Black Sea;0,004958788;-0,00618879;0,02215942
402;Pink;Siret;Danube;Black Sea;-0,01244967;-0,01153536;0,02999831
403;Pink;Siret;Danube;Black Sea;-0,02201985;-0,001089015;0,02864333
404;Pink;Siret;Danube;Black Sea;-0,0141111;-0,02654191;0,02771748
405;Pink;Siret;Danube;Black Sea;-0,008081654;-0,01311164;0,01817651
406;Pink;Siret;Danube;Black Sea;-0,03373821;0,02735584;0,005136806
407;Pink;Siret;Danube;Black Sea;-0,03052729;0,01503671;0,01104042
408;Pink;Siret;Danube;Black Sea;-0,05585777;0,03473664;0,01942688
409;Pink;Siret;Danube;Black Sea;-0,03773321;0,0179836;0,01080801
410;Pink;Siret;Danube;Black Sea;-0,02251161;0,0170601;0,01209613
411;Pink;Siret;Danube;Black Sea;-0,01384831;0,005601626;-0,01107302
412;Pink;Siret;Danube;Black Sea;-0,04252174;0,03472179;0,004238912
413;Pink;Siret;Danube;Black Sea;-0,03050269;0,01524265;0,008029052
414;Pink;Siret;Danube;Black Sea;-0,01601195;0,006996297;0,006583388
415;Pink;Siret;Danube;Black Sea;-0,01408929;-0,02253385;0,03153112
416;Pink;Siret;Danube;Black Sea;-0,04768051;0,02794315;0,005747231
417;Pink;Siret;Danube;Black Sea;0,008789881;-0,02178145;0,01839085
418;Pink;Siret;Danube;Black Sea;-0,0080895;-0,01786695;0,01520771
419;Pink;Siret;Danube;Black Sea;-0,004551755;-0,005259614;0,03073496
420;Pink;Siret;Danube;Black Sea;-0,03851876;0,01803563;0,02457864
421;Pink;Siret;Danube;Black Sea;-0,01019757;-0,02093866;0,02287945
422;Pink;Siret;Danube;Black Sea;0,0007715914;-0,02370936;0,01342202
423;Green;STUPIA;coastal (S³upia);Baltic Sea;-0,007540099;0,0406451;-0,001747022
424;Green;STUPIA;coastal (S³upia);Baltic Sea;-0,01233363;0,008820097;-0,0100595
425;Green;STUPIA;coastal (S³upia);Baltic Sea;0,02002166;-0,0237573;-0,002281545
426;Green;STUPIA;coastal (S³upia);Baltic Sea;-0,01941232;0,0136215;0,006082799
427;Green;STUPIA;coastal (S³upia);Baltic Sea;-0,007127186;-0,002396497;-0,004465459
428;Green;STUPIA;coastal (S³upia);Baltic Sea;-0,0520482;0,02728167;-0,007331728
429;Green;STUPIA;coastal (S³upia);Baltic Sea;-0,02315848;0,01600551;-0,005794573
430;Green;STUPIA;coastal (S³upia);Baltic Sea;-0,01131707;0,006201867;-0,001261937
431;Green;STUPIA;coastal (S³upia);Baltic Sea;-0,0302248;-0,00132573;0,003326065
432;Green;STUPIA;coastal (S³upia);Baltic Sea;-0,02358777;0,008725474;0,005674892
433;Green;STUPIA;coastal (S³upia);Baltic Sea;0,0101263;-0,01725559;-0,003453959
434;Green;STUPIA;coastal (S³upia);Baltic Sea;-0,02755659;0,01635601;-0,006735733
435;Green;STUPIA;coastal (S³upia);Baltic Sea;-0,02398954;0,03022371;-0,02219748
436;Green;STUPIA;coastal (S³upia);Baltic Sea;-0,01400442;0,002583913;0,008878877
437;Green;STUPIA;coastal (S³upia);Baltic Sea;-0,04339269;0,02407629;0,008039976
438;Green;STUPIA;coastal (S³upia);Baltic Sea;-0,02583774;0,002710887;0,009106803
439;Green;STUPIA;coastal (S³upia);Baltic Sea;0,001752633;-0,01274163;0,007409661
440;Green;STUPIA;coastal (S³upia);Baltic Sea;-0,01043938;-0,004076672;0,0002129883
441;Green;STUPIA;coastal (S³upia);Baltic Sea;0,004519882;-0,02548539;0,01407575
442;Green;STUPIA;coastal (S³upia);Baltic Sea;-0,00905323;0,004987243;-0,004811969
443;Green;STUPIA;coastal (S³upia);Baltic Sea;-0,01662831;0,002643249;-0,004387575
444;Green;STUPIA;coastal (S³upia);Baltic Sea;-0,01899414;0,005029507;-0,01112444
445;Green;STUPIA;coastal (S³upia);Baltic Sea;-0,01087377;0,02351124;-0,01003698
446;Green;STUPIA;coastal (S³upia);Baltic Sea;-0,01155597;-0,0001431139;-0,006784582
447;Green;STUPIA;coastal (S³upia);Baltic Sea;0,0085794;-0,01249277;-0,01366789
448;Green;STUPIA;coastal (S³upia);Baltic Sea;-0,003537427;0,00528056;-0,001234005
449;Green;STUPIA;coastal (S³upia);Baltic Sea;-0,03039488;0,02724831;-0,004443532
450;Green;STUPIA;coastal (S³upia);Baltic Sea;-0,03612872;0,03760408;-0,008867651
451;Green;STUPIA;coastal (S³upia);Baltic Sea;-0,03161972;0,02247326;-0,009714923
452;Green;STUPIA;coastal (S³upia);Baltic Sea;-0,01664325;0,022491;-0,02462528
453;Green;STUPIA;coastal (S³upia);Baltic Sea;0,008555122;-0,003721664;-0,008212652
454;Green;STUPIA;coastal (S³upia);Baltic Sea;0,001547993;0,006689375;-0,008724575
455;Green;STUPIA;coastal (S³upia);Baltic Sea;0,001478422;0,01547616;-0,008689758
456;Green;STUPIA;coastal (S³upia);Baltic Sea;0,01985124;-0,009540367;-0,006797748
457;Green;STUPIA;coastal (S³upia);Baltic Sea;0,0252106;-0,02906902;-0,01172337
458;Green;STUPIA;coastal (S³upia);Baltic Sea;0,01606557;-0,009309559;-0,007295005
459;Green;STUPIA;coastal (S³upia);Baltic Sea;-0,01217763;0,003743372;0,001107236
460;Green;STUPIA;coastal (S³upia);Baltic Sea;-0,001194672;-0,002236556;-0,00654254
461;Green;STUPIA;coastal (S³upia);Baltic Sea;0,03022254;-0,01726928;-0,004425571
462;Green;STUPIA;coastal (S³upia);Baltic Sea;0,007440663;-0,006002733;-0,01397968
463;Green;STUPIA;coastal (S³upia);Baltic Sea;0,05059884;-0,02504081;-0,01138486
464;Green;STUPIA;coastal (S³upia);Baltic Sea;0,02485675;-0,01919262;-0,004629116
465;Green;STUPIA;coastal (S³upia);Baltic Sea;0,0224227;0,003625728;-0,01448502
466;Green;STUPIA;coastal (S³upia);Baltic Sea;-0,001595645;-0,0001784554;-0,007420618
467;Green;STUPIA;coastal (S³upia);Baltic Sea;0,02124488;-0,01175791;-0,01362568
468;Green;STUPIA;coastal (S³upia);Baltic Sea;0,03289426;-0,01144302;-0,02124988
469;Green;STUPIA;coastal (S³upia);Baltic Sea;0,01777163;0,00110771;-0,01649667
470;Green;STUPIA;coastal (S³upia);Baltic Sea;-0,005402339;0,02262447;-0,007562133
471;Green;STUPIA;coastal (S³upia);Baltic Sea;0,001080027;0,0004369249;-0,01201645
472;Green;Szeszupa;Neman;Baltic Sea;0,01235635;0,002487565;-0,01703611
473;Green;Szeszupa;Neman;Baltic Sea;0,02802922;-0,02876598;-0,00131454
474;Green;Szeszupa;Neman;Baltic Sea;0,04397879;-0,04454596;-0,01552909
475;Green;Szeszupa;Neman;Baltic Sea;0,01395497;-0,007656592;-0,008052028
476;Green;Szeszupa;Neman;Baltic Sea;0,02512139;-0,0385957;-0,02308708
477;Green;Szeszupa;Neman;Baltic Sea;0,0108544;-0,01181438;-0,009351681
478;Green;Szeszupa;Neman;Baltic Sea;0,01061135;0,007441631;-0,01845339
479;Green;Szeszupa;Neman;Baltic Sea;0,0269708;-0,02294788;-0,007666448
480;Green;Szeszupa;Neman;Baltic Sea;0,006261574;-0,0008886105;0,001219474
481;Green;Szeszupa;Neman;Baltic Sea;-0,001525438;0,007629921;-0,009829851
482;Green;Szeszupa;Neman;Baltic Sea;0,03162025;-0,03657271;-0,01008405
483;Green;Szeszupa;Neman;Baltic Sea;0,003262083;-0,0111495;0,002358122
484;Green;Szeszupa;Neman;Baltic Sea;0,00818331;-0,02073713;0,0009837967
485;Green;Szeszupa;Neman;Baltic Sea;0,04280381;-0,03035353;-0,01353331
486;Green;Szeszupa;Neman;Baltic Sea;0,01872507;-0,0138771;-0,02186718
487;Green;Szeszupa;Neman;Baltic Sea;0,005376547;-0,02107943;-0,007810559
488;Green;Szeszupa;Neman;Baltic Sea;0,02818028;-0,03668342;-0,01018647
489;Green;Szeszupa;Neman;Baltic Sea;-0,003489785;0,003703001;-0,0002521923
490;Green;Szeszupa;Neman;Baltic Sea;-0,01284769;0,007962471;-0,009581783
491;Green;Szeszupa;Neman;Baltic Sea;0,01341857;-0,01693636;-0,01096519
492;Green;Szeszupa;Neman;Baltic Sea;0,02087022;-0,04046684;-0,005502696
493;Green;Szeszupa;Neman;Baltic Sea;0,001274755;-0,0009840319;-0,006161855
494;Green;Szeszupa;Neman;Baltic Sea;0,02172238;-0,01820743;-0,01143693
495;Green;Szeszupa;Neman;Baltic Sea;-0,0006322954;-0,01254016;-0,005673472
496;Green;Szeszupa;Neman;Baltic Sea;0,008883887;-0,005288431;-0,01029449
497;Green;Szeszupa;Neman;Baltic Sea;0,0169998;-0,02258749;-0,02215287
498;Green;Szeszupa;Neman;Baltic Sea;-0,01045771;-0,005127883;0,01139243
499;Green;Szeszupa;Neman;Baltic Sea;0,002120783;-0,008013012;0,005707612
500;Green;Szeszupa;Neman;Baltic Sea;-0,003785782;-0,02031775;-0,00103473
501;Green;Szeszupa;Neman;Baltic Sea;0,007032098;-0,008252905;-0,005572716
502;Green;Szeszupa;Neman;Baltic Sea;0,008431719;-0,01779537;-0,01214167
503;Green;Szeszupa;Neman;Baltic Sea;0,03178505;-0,01068077;-0,01091339
504;Green;Szeszupa;Neman;Baltic Sea;0,0278701;-0,01205565;-0,01425892
505;Green;Szeszupa;Neman;Baltic Sea;0,0118223;-0,006524102;0,002727211
506;Green;Szeszupa;Neman;Baltic Sea;0,01255962;-0,002282431;-0,01855497
507;Green;Szeszupa;Neman;Baltic Sea;-0,005223271;-0,01136653;-0,003629116
508;Green;Szeszupa;Neman;Baltic Sea;-0,005129356;-0,007108721;-0,00471796
509;Green;Szeszupa;Neman;Baltic Sea;0,0281285;-0,02931149;-0,008851794
510;Green;Szeszupa;Neman;Baltic Sea;0,03666153;-0,03271086;-0,008866549
511;Green;Szeszupa;Neman;Baltic Sea;0,008722666;0,001106626;-0,01830777
512;Green;Szeszupa;Neman;Baltic Sea;-0,00845245;0,00002604077;-0,01241718
513;Green;Virvytia;Venta;Baltic Sea;0,01605197;-0,001986225;-0,006077844
514;Green;Virvytia;Venta;Baltic Sea;0,01479392;-0,004026844;-0,01420252
515;Green;Virvytia;Venta;Baltic Sea;0,01987548;-0,02318311;-0,01515529
516;Green;Virvytia;Venta;Baltic Sea;0,03750093;-0,006970012;-0,009912434
517;Green;Warkocz;Vistula;Baltic Sea;0,005559925;0,01008632;-0,006972689
518;Green;Warkocz;Vistula;Baltic Sea;-0,001792539;0,006970867;0,006045391
519;Green;Warkocz;Vistula;Baltic Sea;-0,009551421;0,009746957;-0,005653019
520;Green;Warkocz;Vistula;Baltic Sea;-0,01248581;-0,02226809;0,02797603
521;Green;Warkocz;Vistula;Baltic Sea;0,03364287;-0,02966483;0,001167716
522;Green;Warkocz;Vistula;Baltic Sea;-0,01185712;-0,009649687;0,01288618
523;Green;Warkocz;Vistula;Baltic Sea;-0,01507918;0,003846312;0,009410013
524;Green;Warkocz;Vistula;Baltic Sea;0,009005054;-0,004586282;-0,0002023223
525;Green;Warkocz;Vistula;Baltic Sea;-0,01113333;0,0008638262;0,01126223
526;Green;Warkocz;Vistula;Baltic Sea;-0,01770449;0,008033735;0,002906145
527;Green;Warkocz;Vistula;Baltic Sea;-0,02050125;-0,002719686;0,01275505
528;Green;Warkocz;Vistula;Baltic Sea;0,0110766;-0,001365106;-0,00110891
529;Green;Warkocz;Vistula;Baltic Sea;-0,02231011;0,002587782;0,003777557
530;Green;Warkocz;Vistula;Baltic Sea;0,002006743;0,002054712;-0,004124358
531;Green;Warkocz;Vistula;Baltic Sea;0,001099805;-0,008006018;0,009219297
532;Green;Warkocz;Vistula;Baltic Sea;-0,005142296;-0,01425349;0,01855144
533;Green;Warkocz;Vistula;Baltic Sea;0,01692417;-0,03677703;0,0273614
534;Green;Warkocz;Vistula;Baltic Sea;0,004806729;-0,02892346;0,02374144
535;Green;Warkocz;Vistula;Baltic Sea;-0,00403316;-0,01884301;0,02708293
536;Green;Warkocz;Vistula;Baltic Sea;0,001264701;-0,02742081;0,02603766
537;Green;Warkocz;Vistula;Baltic Sea;-0,002017125;-0,03068213;0,02539569
538;Green;Warkocz;Vistula;Baltic Sea;-0,02993445;0,008348977;-0,002005449
539;Green;Warkocz;Vistula;Baltic Sea;0,006830334;-0,0173466;0,01063384
540;Green;Warkocz;Vistula;Baltic Sea;-0,007603986;-0,002107717;0,002137178
541;Green;Warkocz;Vistula;Baltic Sea;0,01614725;-0,01542479;0,006731267
542;Green;Warkocz;Vistula;Baltic Sea;-0,01210867;-0,00776138;0,01057093
543;Green;Warkocz;Vistula;Baltic Sea;-0,03251782;0,01147707;0,004936149
544;Green;Warkocz;Vistula;Baltic Sea;-0,00482441;-0,01166311;0,02130613
545;Green;Warkocz;Vistula;Baltic Sea;-0,02003614;0,01515764;0,01419487
546;Green;Warkocz;Vistula;Baltic Sea;-0,0007271584;-0,01668024;0,01760598
547;Green;Warkocz;Vistula;Baltic Sea;-0,00939126;-0,0006827798;0,002822089
548;Green;Warkocz;Vistula;Baltic Sea;0,003920592;-0,01601309;0,007559728
549;Green;Warkocz;Vistula;Baltic Sea;-0,005059205;0,009322084;-0,00347207
550;Green;Warkocz;Vistula;Baltic Sea;-0,0109913;-0,005796705;-0,00452617
551;Green;Warkocz;Vistula;Baltic Sea;-0,04294549;0,01054212;0,019278
552;Green;Warkocz;Vistula;Baltic Sea;-0,01768299;0,02684359;-0,00141896
553;Green;Warkocz;Vistula;Baltic Sea;-0,02823088;0,0140431;-0,000678656
554;Green;Warkocz;Vistula;Baltic Sea;-0,01534272;0,01351775;-0,006412099
555;Pink;San;Vistula;Baltic Sea;-0,002180642;0,01374804;-0,005687017
556;Pink;San;Vistula;Baltic Sea;-0,01762974;0,03878351;-0,003678325
557;Pink;San;Vistula;Baltic Sea;-0,03109038;0,04519718;-0,008086987
558;Pink;San;Vistula;Baltic Sea;-0,0108422;0,01644886;-0,001777447
559;Pink;San;Vistula;Baltic Sea;-0,005501285;0,01845249;0,0013878
560;Pink;San;Vistula;Baltic Sea;-0,01205886;0,01294324;-0,009472201
561;Pink;San;Vistula;Baltic Sea;-0,01937766;0,01032188;0,0002690797
562;Pink;San;Vistula;Baltic Sea;-0,003016343;0,005988;0,0002571336
563;Pink;San;Vistula;Baltic Sea;0,009754195;0,007451359;0,005367771
564;Pink;San;Vistula;Baltic Sea;-0,02344607;0,04447648;-0,01024741
565;Pink;San;Vistula;Baltic Sea;0,005374838;0,01979326;-0,01352455
566;Pink;San;Vistula;Baltic Sea;-0,02820777;0,0430596;-0,004043844
567;Pink;San;Vistula;Baltic Sea;0,0192662;-0,004331183;-0,01441744
568;Pink;San;Vistula;Baltic Sea;-0,02871666;0,02956074;-0,01448283
569;Pink;San;Vistula;Baltic Sea;-0,01899919;0,01914536;-0,006210338
570;Pink;San;Vistula;Baltic Sea;0,002387539;0,01237533;-0,0142826
571;Pink;San;Vistula;Baltic Sea;-0,003981454;0,009870718;-0,01749102
572;Pink;San;Vistula;Baltic Sea;-0,009570513;0,009850268;-0,01179972
573;Pink;San;Vistula;Baltic Sea;-0,007235594;0,0031999;-0,01726865
574;Pink;San;Vistula;Baltic Sea;-0,008835802;0,02011914;-0,01422788
575;Pink;San;Vistula;Baltic Sea;0,0336512;-0,002152738;-0,02190911
576;Pink;San;Vistula;Baltic Sea;0,003068083;0,007219863;-0,01425623
577;Pink;San;Vistula;Baltic Sea;-0,01301527;0,02705477;-0,009032622
578;Pink;San;Vistula;Baltic Sea;-0,02937073;0,02906067;-0,00825191
579;Pink;San;Vistula;Baltic Sea;0,003910796;-0,00993589;0,0003207211
580;Pink;San;Vistula;Baltic Sea;-0,008762981;0,008585072;-0,0275432
581;Pink;San;Vistula;Baltic Sea;-0,0157613;0,01726394;-0,01454608
582;Pink;San;Vistula;Baltic Sea;-0,008150638;0,0125263;-0,01334927
583;Pink;San;Vistula;Baltic Sea;-0,007366;0,0229927;-0,001778999
584;Pink;San;Vistula;Baltic Sea;-0,01968426;0,008263977;-0,007872539
585;Green;Czarna Hancza;Neman;Baltic Sea;0,007670512;-0,0001168068;-0,01750651
586;Green;Czarna Hancza;Neman;Baltic Sea;0,01791892;-0,006885028;-0,00219871
587;Green;Czarna Hancza;Neman;Baltic Sea;0,0194953;-0,01183498;-0,005138221
588;Green;Czarna Hancza;Neman;Baltic Sea;0,01176086;-0,008075485;0,001799748
589;Green;Czarna Hancza;Neman;Baltic Sea;0,01301201;0,002764211;-0,00997191
590;Green;Czarna Hancza;Neman;Baltic Sea;0,06192711;-0,04276915;-0,01144843
591;Green;Czarna Hancza;Neman;Baltic Sea;0,004630186;0,007923052;-0,0103356
592;Green;Czarna Hancza;Neman;Baltic Sea;0,02224161;-0,005717765;-0,01803201
593;Green;Czarna Hancza;Neman;Baltic Sea;0,04124007;-0,0280207;-0,006643258
594;Green;Czarna Hancza;Neman;Baltic Sea;0,02895293;-0,02271021;-0,01218042
595;Green;Czarna Hancza;Neman;Baltic Sea;0,0342327;-0,03320081;-0,01029573
596;Green;Czarna Hancza;Neman;Baltic Sea;-0,001722138;0,006206051;-0,01309118
597;Green;Czarna Hancza;Neman;Baltic Sea;0,00646814;-0,00319541;0,008017664
598;Green;Czarna Hancza;Neman;Baltic Sea;0,02873072;-0,02605692;-0,001336063
599;Green;Czarna Hancza;Neman;Baltic Sea;0,01925055;-0,008903006;-0,005193224
600;Green;Czarna Hancza;Neman;Baltic Sea;0,0438951;-0,03934162;-0,0001822422
601;Green;Czarna Hancza;Neman;Baltic Sea;0,005278564;0,003091708;0,0009005149
602;Green;Czarna Hancza;Neman;Baltic Sea;0,03107779;-0,02427262;-0,007403047
603;Green;Czarna Hancza;Neman;Baltic Sea;0,02382946;-0,02795354;-0,00323493
604;Green;Czarna Hancza;Neman;Baltic Sea;0,004746449;-0,01015289;-0,0105686
605;Green;Czarna Hancza;Neman;Baltic Sea;0,03640495;-0,009862301;-0,01230606
606;Green;Czarna Hancza;Neman;Baltic Sea;0,01894752;-0,02371192;-0,007705542
607;Green;Czarna Hancza;Neman;Baltic Sea;0,02020724;-0,0209781;-0,008083327
608;Green;Czarna Hancza;Neman;Baltic Sea;0,01884315;-0,01890674;-0,00808494
609;Green;Czarna Hancza;Neman;Baltic Sea;0,01467535;-0,02538274;-0,004422106
610;Green;Czarna Hancza;Neman;Baltic Sea;0,02480512;0,0009301374;-0,01382148
611;Green;Czarna Hancza;Neman;Baltic Sea;0,02606845;-0,01112755;-0,01211242
612;Green;Czarna Hancza;Neman;Baltic Sea;0,007005605;0,0114635;-0,01955394
613;Green;Czarna Hancza;Neman;Baltic Sea;0,00488264;-0,01387218;-0,003771017
614;Green;Czarna Hancza;Neman;Baltic Sea;0,02294626;-0,03133826;0,00007116305
